Question,Answer,Context
ما هي الهيئات الحكومية المذكورة في هذا القرار، وما هي الأدوار التي تلعُبها؟,"يذكر القرار عدة هيئات حكومية، وهي:

1. **وزارة المالية والاستثمار الخارجي:**  تلعب دورًا رئيسيًا في إصدار القرارات المتعلقة بالموظفين، وتحديدًا فيما يتعلق بالاستثناء من نظام التقاعد الجماعي.  كما أنها تشارك في الموافقة على الجدول الزمني لتكوين الاحتياطي التقاعدي.

2. **المجلس الإداري لمكتب استغلال الموانئ:**  يشارك في الموافقة على الجدول الزمني لتكوين الاحتياطي التقاعدي.

3. **الجمعية الوطنية للضمان الاجتماعي:**  يُشار إلى دورها في القرار من خلال الإشارة إلى استمرار تعلق بعض الموظفين بها.

4. **مكتب استغلال الموانئ (ODEP):**  هو الهيئة التي يخصها القرار بشكل مباشر، حيث يُستثنى موظفوها من نظام التقاعد الجماعي، ويُطلب منهم تكوين احتياطي تقاعدي خاص بهم.

5. **الجمعية الوطنية للتقاعد والضمان الاجتماعي:**  يُشار إلى دورها في القرار من خلال الإشارة إلى أن بعض الموظفين مستمرون في التسجيل فيها.

6. **رئاسة الحكومة (أو الهيئة التي أصدرت القرارات السابقة):**  يُشار إلى دورها من خلال الإشارة إلى القرارات السابقة التي يعتمد عليها القرار الحالي، مثل قرارات إنشاء صندوق التوفير والإدارة، وصندوق التقاعد الوطني، ونظام التقاعد الجماعي.
","### Context: ---  
**Bulletin Officiel n° 4526 du 13 joumada II 1418 (16 octobre 1997)**  
**EDITION DE TRADUCTION OFFICIELLE**  
****  
**Arrêté du ministre des finances et des investissements extérieurs n° 593-97 du 5 rabii I 1418 (11 juillet 1997) excluant du champ d'application du régime collectif d'allocation de retraite, le personnel titulaire et stagiaire de l'Office d'exploitation des ports.** **** **Le Ministre des Finances et des l'Investissements Extérieurs,** Vu le dahir n° 1-59-074 du 1er chaabane 1378 (10 février 1959) instituant une Caisse de dépôt et de gestion, tel qu'il a été modifié et complété, notamment son article 18 ; Vu le dahir n° 1-59-301 du 24 rabii II 1379 (27 octobre 1959) instituant une Caisse nationale de retraites et d'assurances ; Vu le dahir portant loi n° 1-77-216 du 20 chaoual 1397 (4 octobre 1977) créant un régime collectif d'allocation de retraite, tel qu'il a été modifié et complété, notamment ses articles 1er et 2 ; Vu la loi n° 06-84 portant création de l'Office d'exploitation des ports promulguée par le dahir n° 1-84-194 du 5 rabii II 1405 (28 décembre 1984) ; Après avis de la commission prévue par l'article 2 du dahir portant loi n° 1-77-216 du 20 chaoual 1397 (4 octobre 1977) susvisé, réunie le 24 février 1988, **Arrête :** **Article Premier :** Est exclu du champ d'application du régime collectif d'allocation de retraite, le personnel titulaire et stagiaire de l'Office d'exploitation des ports. **Article 2 :** Le personnel non titulaire transféré de la Régie d'aconage du port de Casablanca (RAPC) continue d'être affilié à la Caisse nationale de sécurité sociale, conformément aux dispositions de l'arrêté du ministre des finances n° 125-81 du 13 rabii II 1401 (19 février 1981) qui l'a exclu du champ d'application du régime collectif d'allocation de retraite. **Article 3 :** Le personnel non titulaire de la direction des ports qui a été intégré à l'ODEP continue d'être affilié au régime collectif d'allocation de retraite. **Article 4 :** L'Office d'exploitation des ports est tenu de constituer la provision technique arrêtée au 31 décembre 1995 à 300 millions de dirhams selon l'échéancier approuvé par le ministère des finances et le conseil d'administration de cet office. |  **** |  **Montant à mobiliser** |  **Montant à verser à la caisse interne de retraite**  
---|---|---  
1996 |  135 |   
1997 |  40 |  175  
1998 |  48,50 |  48,50  
1999 |  50 |  50  
2000 |  55 |  55  
Total |  328,50  |  328,50  
  
Cette réserve sera augmentée des intérêts calculés au taux de 9,5% sur les
montants restants à mobiliser et à verser à la Caisse interne de retraite.

**Article 5 :** Le présent arrêté sera publié au _Bulletin officiel._

__

_Rabat, le 5 rabii I 1418 (11 juillet 1997).  
_**Mohammed Kabbaj.**

__________

Le texte en langue arabe a été publié dans l'édition générale du “ Bulletin
officiel 4501 du 15 rabii I 1418 (21 juillet 1997).

****

 ### Source: URL: https://juridiahackhaton.blob.core.windows.net/fine-tuning/documents/391.html type: Arrêté date_publication: 1997-07-11 title: Arrêté du ministre des finances et des investissements extérieurs n° 593-97 du 5 rabii I 1418 (11 juillet 1997) excluant du champ d'application du régime collectif d'allocation de retraite, le personnel titulaire et stagiaire de l'Office d'exploitation des ports."
ما هي التغييرات التي طرأت على نظام المعاشات التقاعدية الجماعي، وفقًا للقرار؟,"وفقًا للقرار، تم استثناء موظفي وموظفات مكتب تشغيل الموانئ، سواء كانوا من الموظفين العاملين أو المتدربين، من نظام المعاشات التقاعدية الجماعي.  كما تم تحديد شروط خاصة لموظفي الإدارة غير العاملين الذين تم دمجهم في مكتب تشغيل الموانئ، حيث ظلوا مُلتزمين بنظام المعاشات التقاعدية الجماعي.  كما تم تحديد مبلغ محدد من الاحتياطي التقني الذي يجب على مكتب تشغيل الموانئ توفيره، مع تحديد مبالغ محددة لسنوات محددة، بالإضافة إلى احتساب الفوائد على المبالغ المتبقية.
","### Context: ---  
**Bulletin Officiel n° 4526 du 13 joumada II 1418 (16 octobre 1997)**  
**EDITION DE TRADUCTION OFFICIELLE**  
****  
**Arrêté du ministre des finances et des investissements extérieurs n° 593-97 du 5 rabii I 1418 (11 juillet 1997) excluant du champ d'application du régime collectif d'allocation de retraite, le personnel titulaire et stagiaire de l'Office d'exploitation des ports.** **** **Le Ministre des Finances et des l'Investissements Extérieurs,** Vu le dahir n° 1-59-074 du 1er chaabane 1378 (10 février 1959) instituant une Caisse de dépôt et de gestion, tel qu'il a été modifié et complété, notamment son article 18 ; Vu le dahir n° 1-59-301 du 24 rabii II 1379 (27 octobre 1959) instituant une Caisse nationale de retraites et d'assurances ; Vu le dahir portant loi n° 1-77-216 du 20 chaoual 1397 (4 octobre 1977) créant un régime collectif d'allocation de retraite, tel qu'il a été modifié et complété, notamment ses articles 1er et 2 ; Vu la loi n° 06-84 portant création de l'Office d'exploitation des ports promulguée par le dahir n° 1-84-194 du 5 rabii II 1405 (28 décembre 1984) ; Après avis de la commission prévue par l'article 2 du dahir portant loi n° 1-77-216 du 20 chaoual 1397 (4 octobre 1977) susvisé, réunie le 24 février 1988, **Arrête :** **Article Premier :** Est exclu du champ d'application du régime collectif d'allocation de retraite, le personnel titulaire et stagiaire de l'Office d'exploitation des ports. **Article 2 :** Le personnel non titulaire transféré de la Régie d'aconage du port de Casablanca (RAPC) continue d'être affilié à la Caisse nationale de sécurité sociale, conformément aux dispositions de l'arrêté du ministre des finances n° 125-81 du 13 rabii II 1401 (19 février 1981) qui l'a exclu du champ d'application du régime collectif d'allocation de retraite. **Article 3 :** Le personnel non titulaire de la direction des ports qui a été intégré à l'ODEP continue d'être affilié au régime collectif d'allocation de retraite. **Article 4 :** L'Office d'exploitation des ports est tenu de constituer la provision technique arrêtée au 31 décembre 1995 à 300 millions de dirhams selon l'échéancier approuvé par le ministère des finances et le conseil d'administration de cet office. |  **** |  **Montant à mobiliser** |  **Montant à verser à la caisse interne de retraite**  
---|---|---  
1996 |  135 |   
1997 |  40 |  175  
1998 |  48,50 |  48,50  
1999 |  50 |  50  
2000 |  55 |  55  
Total |  328,50  |  328,50  
  
Cette réserve sera augmentée des intérêts calculés au taux de 9,5% sur les
montants restants à mobiliser et à verser à la Caisse interne de retraite.

**Article 5 :** Le présent arrêté sera publié au _Bulletin officiel._

__

_Rabat, le 5 rabii I 1418 (11 juillet 1997).  
_**Mohammed Kabbaj.**

__________

Le texte en langue arabe a été publié dans l'édition générale du “ Bulletin
officiel 4501 du 15 rabii I 1418 (21 juillet 1997).

****

 ### Source: URL: https://juridiahackhaton.blob.core.windows.net/fine-tuning/documents/391.html type: Arrêté date_publication: 1997-07-11 title: Arrêté du ministre des finances et des investissements extérieurs n° 593-97 du 5 rabii I 1418 (11 juillet 1997) excluant du champ d'application du régime collectif d'allocation de retraite, le personnel titulaire et stagiaire de l'Office d'exploitation des ports."
ما هي الإجراءات التي يجب على مكتب تشغيل الموانئ اتخاذها لتوفير احتياطي المعاشات التقاعدية؟,"يجب على مكتب تشغيل الموانئ، وفقًا للقرار الوزاري رقم 593-97، تكوين احتياطي تقاعدي قدره 300 مليون درهم بحلول 31 ديسمبر 1995، وفقًا لجدول زمني مُعتمد من وزارة المالية ومجلس إدارة المكتب.  يجب إضافة الفوائد المحسوبة على أساس 9.5% على المبالغ المتبقية التي يجب توفيرها وإيداعها في الصندوق الداخلي للمعاشات التقاعدية.  يجب على المكتب إيداع مبالغ محددة سنوياً في الصندوق الداخلي للمعاشات التقاعدية، كما هو موضح في الجدول المرفق بالقرار.
","### Context: ---  
**Bulletin Officiel n° 4526 du 13 joumada II 1418 (16 octobre 1997)**  
**EDITION DE TRADUCTION OFFICIELLE**  
****  
**Arrêté du ministre des finances et des investissements extérieurs n° 593-97 du 5 rabii I 1418 (11 juillet 1997) excluant du champ d'application du régime collectif d'allocation de retraite, le personnel titulaire et stagiaire de l'Office d'exploitation des ports.** **** **Le Ministre des Finances et des l'Investissements Extérieurs,** Vu le dahir n° 1-59-074 du 1er chaabane 1378 (10 février 1959) instituant une Caisse de dépôt et de gestion, tel qu'il a été modifié et complété, notamment son article 18 ; Vu le dahir n° 1-59-301 du 24 rabii II 1379 (27 octobre 1959) instituant une Caisse nationale de retraites et d'assurances ; Vu le dahir portant loi n° 1-77-216 du 20 chaoual 1397 (4 octobre 1977) créant un régime collectif d'allocation de retraite, tel qu'il a été modifié et complété, notamment ses articles 1er et 2 ; Vu la loi n° 06-84 portant création de l'Office d'exploitation des ports promulguée par le dahir n° 1-84-194 du 5 rabii II 1405 (28 décembre 1984) ; Après avis de la commission prévue par l'article 2 du dahir portant loi n° 1-77-216 du 20 chaoual 1397 (4 octobre 1977) susvisé, réunie le 24 février 1988, **Arrête :** **Article Premier :** Est exclu du champ d'application du régime collectif d'allocation de retraite, le personnel titulaire et stagiaire de l'Office d'exploitation des ports. **Article 2 :** Le personnel non titulaire transféré de la Régie d'aconage du port de Casablanca (RAPC) continue d'être affilié à la Caisse nationale de sécurité sociale, conformément aux dispositions de l'arrêté du ministre des finances n° 125-81 du 13 rabii II 1401 (19 février 1981) qui l'a exclu du champ d'application du régime collectif d'allocation de retraite. **Article 3 :** Le personnel non titulaire de la direction des ports qui a été intégré à l'ODEP continue d'être affilié au régime collectif d'allocation de retraite. **Article 4 :** L'Office d'exploitation des ports est tenu de constituer la provision technique arrêtée au 31 décembre 1995 à 300 millions de dirhams selon l'échéancier approuvé par le ministère des finances et le conseil d'administration de cet office. |  **** |  **Montant à mobiliser** |  **Montant à verser à la caisse interne de retraite**  
---|---|---  
1996 |  135 |   
1997 |  40 |  175  
1998 |  48,50 |  48,50  
1999 |  50 |  50  
2000 |  55 |  55  
Total |  328,50  |  328,50  
  
Cette réserve sera augmentée des intérêts calculés au taux de 9,5% sur les
montants restants à mobiliser et à verser à la Caisse interne de retraite.

**Article 5 :** Le présent arrêté sera publié au _Bulletin officiel._

__

_Rabat, le 5 rabii I 1418 (11 juillet 1997).  
_**Mohammed Kabbaj.**

__________

Le texte en langue arabe a été publié dans l'édition générale du “ Bulletin
officiel 4501 du 15 rabii I 1418 (21 juillet 1997).

****

 ### Source: URL: https://juridiahackhaton.blob.core.windows.net/fine-tuning/documents/391.html type: Arrêté date_publication: 1997-07-11 title: Arrêté du ministre des finances et des investissements extérieurs n° 593-97 du 5 rabii I 1418 (11 juillet 1997) excluant du champ d'application du régime collectif d'allocation de retraite, le personnel titulaire et stagiaire de l'Office d'exploitation des ports."
ما هي مواعيد دفع المبالغ المطلوبة لتوفير احتياطي المعاشات التقاعدية؟,"يُحدد الجدول المرفق مواعيد دفع المبالغ المطلوبة لتوفير احتياطي المعاشات التقاعدية، وهي:

* **1996:** 135 مليون درهم
* **1997:** 40 مليون درهم
* **1998:** 48.50 مليون درهم
* **1999:** 50 مليون درهم
* **2000:** 55 مليون درهم

إجمالي المبلغ المطلوب هو 328.50 مليون درهم.
","### Context: ---  
**Bulletin Officiel n° 4526 du 13 joumada II 1418 (16 octobre 1997)**  
**EDITION DE TRADUCTION OFFICIELLE**  
****  
**Arrêté du ministre des finances et des investissements extérieurs n° 593-97 du 5 rabii I 1418 (11 juillet 1997) excluant du champ d'application du régime collectif d'allocation de retraite, le personnel titulaire et stagiaire de l'Office d'exploitation des ports.** **** **Le Ministre des Finances et des l'Investissements Extérieurs,** Vu le dahir n° 1-59-074 du 1er chaabane 1378 (10 février 1959) instituant une Caisse de dépôt et de gestion, tel qu'il a été modifié et complété, notamment son article 18 ; Vu le dahir n° 1-59-301 du 24 rabii II 1379 (27 octobre 1959) instituant une Caisse nationale de retraites et d'assurances ; Vu le dahir portant loi n° 1-77-216 du 20 chaoual 1397 (4 octobre 1977) créant un régime collectif d'allocation de retraite, tel qu'il a été modifié et complété, notamment ses articles 1er et 2 ; Vu la loi n° 06-84 portant création de l'Office d'exploitation des ports promulguée par le dahir n° 1-84-194 du 5 rabii II 1405 (28 décembre 1984) ; Après avis de la commission prévue par l'article 2 du dahir portant loi n° 1-77-216 du 20 chaoual 1397 (4 octobre 1977) susvisé, réunie le 24 février 1988, **Arrête :** **Article Premier :** Est exclu du champ d'application du régime collectif d'allocation de retraite, le personnel titulaire et stagiaire de l'Office d'exploitation des ports. **Article 2 :** Le personnel non titulaire transféré de la Régie d'aconage du port de Casablanca (RAPC) continue d'être affilié à la Caisse nationale de sécurité sociale, conformément aux dispositions de l'arrêté du ministre des finances n° 125-81 du 13 rabii II 1401 (19 février 1981) qui l'a exclu du champ d'application du régime collectif d'allocation de retraite. **Article 3 :** Le personnel non titulaire de la direction des ports qui a été intégré à l'ODEP continue d'être affilié au régime collectif d'allocation de retraite. **Article 4 :** L'Office d'exploitation des ports est tenu de constituer la provision technique arrêtée au 31 décembre 1995 à 300 millions de dirhams selon l'échéancier approuvé par le ministère des finances et le conseil d'administration de cet office. |  **** |  **Montant à mobiliser** |  **Montant à verser à la caisse interne de retraite**  
---|---|---  
1996 |  135 |   
1997 |  40 |  175  
1998 |  48,50 |  48,50  
1999 |  50 |  50  
2000 |  55 |  55  
Total |  328,50  |  328,50  
  
Cette réserve sera augmentée des intérêts calculés au taux de 9,5% sur les
montants restants à mobiliser et à verser à la Caisse interne de retraite.

**Article 5 :** Le présent arrêté sera publié au _Bulletin officiel._

__

_Rabat, le 5 rabii I 1418 (11 juillet 1997).  
_**Mohammed Kabbaj.**

__________

Le texte en langue arabe a été publié dans l'édition générale du “ Bulletin
officiel 4501 du 15 rabii I 1418 (21 juillet 1997).

****

 ### Source: URL: https://juridiahackhaton.blob.core.windows.net/fine-tuning/documents/391.html type: Arrêté date_publication: 1997-07-11 title: Arrêté du ministre des finances et des investissements extérieurs n° 593-97 du 5 rabii I 1418 (11 juillet 1997) excluant du champ d'application du régime collectif d'allocation de retraite, le personnel titulaire et stagiaire de l'Office d'exploitation des ports."
ما هي القيمة الإجمالية للاحتياطي المطلوب توفيره، وما هي طريقة حساب الفوائد؟,"القيمة الإجمالية للاحتياطي المطلوب توفيره هي 328.50 مليون درهم.

طريقة حساب الفوائد هي على أساس 9.5% من المبالغ المتبقية للمساهمة في الصندوق الداخلي للتقاعد.
","### Context: ---  
**Bulletin Officiel n° 4526 du 13 joumada II 1418 (16 octobre 1997)**  
**EDITION DE TRADUCTION OFFICIELLE**  
****  
**Arrêté du ministre des finances et des investissements extérieurs n° 593-97 du 5 rabii I 1418 (11 juillet 1997) excluant du champ d'application du régime collectif d'allocation de retraite, le personnel titulaire et stagiaire de l'Office d'exploitation des ports.** **** **Le Ministre des Finances et des l'Investissements Extérieurs,** Vu le dahir n° 1-59-074 du 1er chaabane 1378 (10 février 1959) instituant une Caisse de dépôt et de gestion, tel qu'il a été modifié et complété, notamment son article 18 ; Vu le dahir n° 1-59-301 du 24 rabii II 1379 (27 octobre 1959) instituant une Caisse nationale de retraites et d'assurances ; Vu le dahir portant loi n° 1-77-216 du 20 chaoual 1397 (4 octobre 1977) créant un régime collectif d'allocation de retraite, tel qu'il a été modifié et complété, notamment ses articles 1er et 2 ; Vu la loi n° 06-84 portant création de l'Office d'exploitation des ports promulguée par le dahir n° 1-84-194 du 5 rabii II 1405 (28 décembre 1984) ; Après avis de la commission prévue par l'article 2 du dahir portant loi n° 1-77-216 du 20 chaoual 1397 (4 octobre 1977) susvisé, réunie le 24 février 1988, **Arrête :** **Article Premier :** Est exclu du champ d'application du régime collectif d'allocation de retraite, le personnel titulaire et stagiaire de l'Office d'exploitation des ports. **Article 2 :** Le personnel non titulaire transféré de la Régie d'aconage du port de Casablanca (RAPC) continue d'être affilié à la Caisse nationale de sécurité sociale, conformément aux dispositions de l'arrêté du ministre des finances n° 125-81 du 13 rabii II 1401 (19 février 1981) qui l'a exclu du champ d'application du régime collectif d'allocation de retraite. **Article 3 :** Le personnel non titulaire de la direction des ports qui a été intégré à l'ODEP continue d'être affilié au régime collectif d'allocation de retraite. **Article 4 :** L'Office d'exploitation des ports est tenu de constituer la provision technique arrêtée au 31 décembre 1995 à 300 millions de dirhams selon l'échéancier approuvé par le ministère des finances et le conseil d'administration de cet office. |  **** |  **Montant à mobiliser** |  **Montant à verser à la caisse interne de retraite**  
---|---|---  
1996 |  135 |   
1997 |  40 |  175  
1998 |  48,50 |  48,50  
1999 |  50 |  50  
2000 |  55 |  55  
Total |  328,50  |  328,50  
  
Cette réserve sera augmentée des intérêts calculés au taux de 9,5% sur les
montants restants à mobiliser et à verser à la Caisse interne de retraite.

**Article 5 :** Le présent arrêté sera publié au _Bulletin officiel._

__

_Rabat, le 5 rabii I 1418 (11 juillet 1997).  
_**Mohammed Kabbaj.**

__________

Le texte en langue arabe a été publié dans l'édition générale du “ Bulletin
officiel 4501 du 15 rabii I 1418 (21 juillet 1997).

****

 ### Source: URL: https://juridiahackhaton.blob.core.windows.net/fine-tuning/documents/391.html type: Arrêté date_publication: 1997-07-11 title: Arrêté du ministre des finances et des investissements extérieurs n° 593-97 du 5 rabii I 1418 (11 juillet 1997) excluant du champ d'application du régime collectif d'allocation de retraite, le personnel titulaire et stagiaire de l'Office d'exploitation des ports."
كيف يُؤثر هذا القرار على موظفي رئاسة إدارة الموانئ الذين تم دمجهم في مكتب تشغيل الموانئ؟,"يُؤثر القرار على موظفي رئاسة إدارة الموانئ الذين تم دمجهم في مكتب تشغيل الموانئ، بأنهم سيظلون مُلتزمين بالاشتراك في نظام المعاشات التقاعدي الجماعي، وذلك وفقًا للمادة الثالثة من القرار.
","### Context: ---  
**Bulletin Officiel n° 4526 du 13 joumada II 1418 (16 octobre 1997)**  
**EDITION DE TRADUCTION OFFICIELLE**  
****  
**Arrêté du ministre des finances et des investissements extérieurs n° 593-97 du 5 rabii I 1418 (11 juillet 1997) excluant du champ d'application du régime collectif d'allocation de retraite, le personnel titulaire et stagiaire de l'Office d'exploitation des ports.** **** **Le Ministre des Finances et des l'Investissements Extérieurs,** Vu le dahir n° 1-59-074 du 1er chaabane 1378 (10 février 1959) instituant une Caisse de dépôt et de gestion, tel qu'il a été modifié et complété, notamment son article 18 ; Vu le dahir n° 1-59-301 du 24 rabii II 1379 (27 octobre 1959) instituant une Caisse nationale de retraites et d'assurances ; Vu le dahir portant loi n° 1-77-216 du 20 chaoual 1397 (4 octobre 1977) créant un régime collectif d'allocation de retraite, tel qu'il a été modifié et complété, notamment ses articles 1er et 2 ; Vu la loi n° 06-84 portant création de l'Office d'exploitation des ports promulguée par le dahir n° 1-84-194 du 5 rabii II 1405 (28 décembre 1984) ; Après avis de la commission prévue par l'article 2 du dahir portant loi n° 1-77-216 du 20 chaoual 1397 (4 octobre 1977) susvisé, réunie le 24 février 1988, **Arrête :** **Article Premier :** Est exclu du champ d'application du régime collectif d'allocation de retraite, le personnel titulaire et stagiaire de l'Office d'exploitation des ports. **Article 2 :** Le personnel non titulaire transféré de la Régie d'aconage du port de Casablanca (RAPC) continue d'être affilié à la Caisse nationale de sécurité sociale, conformément aux dispositions de l'arrêté du ministre des finances n° 125-81 du 13 rabii II 1401 (19 février 1981) qui l'a exclu du champ d'application du régime collectif d'allocation de retraite. **Article 3 :** Le personnel non titulaire de la direction des ports qui a été intégré à l'ODEP continue d'être affilié au régime collectif d'allocation de retraite. **Article 4 :** L'Office d'exploitation des ports est tenu de constituer la provision technique arrêtée au 31 décembre 1995 à 300 millions de dirhams selon l'échéancier approuvé par le ministère des finances et le conseil d'administration de cet office. |  **** |  **Montant à mobiliser** |  **Montant à verser à la caisse interne de retraite**  
---|---|---  
1996 |  135 |   
1997 |  40 |  175  
1998 |  48,50 |  48,50  
1999 |  50 |  50  
2000 |  55 |  55  
Total |  328,50  |  328,50  
  
Cette réserve sera augmentée des intérêts calculés au taux de 9,5% sur les
montants restants à mobiliser et à verser à la Caisse interne de retraite.

**Article 5 :** Le présent arrêté sera publié au _Bulletin officiel._

__

_Rabat, le 5 rabii I 1418 (11 juillet 1997).  
_**Mohammed Kabbaj.**

__________

Le texte en langue arabe a été publié dans l'édition générale du “ Bulletin
officiel 4501 du 15 rabii I 1418 (21 juillet 1997).

****

 ### Source: URL: https://juridiahackhaton.blob.core.windows.net/fine-tuning/documents/391.html type: Arrêté date_publication: 1997-07-11 title: Arrêté du ministre des finances et des investissements extérieurs n° 593-97 du 5 rabii I 1418 (11 juillet 1997) excluant du champ d'application du régime collectif d'allocation de retraite, le personnel titulaire et stagiaire de l'Office d'exploitation des ports."
ما هي العلاقة بين هذا القرار وقانون رقم 1-77-216 لسنة 1977؟,"يربط هذا القرار بقانون رقم 1-77-216 لسنة 1977  بأنّه يستند إليه.  فالقرار يستشهد بهذا القانون، الذي ينشئ نظامًا جماعيًا للتقاعد،  ويُحدد القرار استثناءً معينًا من هذا النظام،  بخصوص موظفي مكتب تشغيل الموانئ.  أي أن القرار يطبق ويُعدّل  نطاق تطبيق قانون التقاعد على فئة محددة من الموظفين.
","### Context: ---  
**Bulletin Officiel n° 4526 du 13 joumada II 1418 (16 octobre 1997)**  
**EDITION DE TRADUCTION OFFICIELLE**  
****  
**Arrêté du ministre des finances et des investissements extérieurs n° 593-97 du 5 rabii I 1418 (11 juillet 1997) excluant du champ d'application du régime collectif d'allocation de retraite, le personnel titulaire et stagiaire de l'Office d'exploitation des ports.** **** **Le Ministre des Finances et des l'Investissements Extérieurs,** Vu le dahir n° 1-59-074 du 1er chaabane 1378 (10 février 1959) instituant une Caisse de dépôt et de gestion, tel qu'il a été modifié et complété, notamment son article 18 ; Vu le dahir n° 1-59-301 du 24 rabii II 1379 (27 octobre 1959) instituant une Caisse nationale de retraites et d'assurances ; Vu le dahir portant loi n° 1-77-216 du 20 chaoual 1397 (4 octobre 1977) créant un régime collectif d'allocation de retraite, tel qu'il a été modifié et complété, notamment ses articles 1er et 2 ; Vu la loi n° 06-84 portant création de l'Office d'exploitation des ports promulguée par le dahir n° 1-84-194 du 5 rabii II 1405 (28 décembre 1984) ; Après avis de la commission prévue par l'article 2 du dahir portant loi n° 1-77-216 du 20 chaoual 1397 (4 octobre 1977) susvisé, réunie le 24 février 1988, **Arrête :** **Article Premier :** Est exclu du champ d'application du régime collectif d'allocation de retraite, le personnel titulaire et stagiaire de l'Office d'exploitation des ports. **Article 2 :** Le personnel non titulaire transféré de la Régie d'aconage du port de Casablanca (RAPC) continue d'être affilié à la Caisse nationale de sécurité sociale, conformément aux dispositions de l'arrêté du ministre des finances n° 125-81 du 13 rabii II 1401 (19 février 1981) qui l'a exclu du champ d'application du régime collectif d'allocation de retraite. **Article 3 :** Le personnel non titulaire de la direction des ports qui a été intégré à l'ODEP continue d'être affilié au régime collectif d'allocation de retraite. **Article 4 :** L'Office d'exploitation des ports est tenu de constituer la provision technique arrêtée au 31 décembre 1995 à 300 millions de dirhams selon l'échéancier approuvé par le ministère des finances et le conseil d'administration de cet office. |  **** |  **Montant à mobiliser** |  **Montant à verser à la caisse interne de retraite**  
---|---|---  
1996 |  135 |   
1997 |  40 |  175  
1998 |  48,50 |  48,50  
1999 |  50 |  50  
2000 |  55 |  55  
Total |  328,50  |  328,50  
  
Cette réserve sera augmentée des intérêts calculés au taux de 9,5% sur les
montants restants à mobiliser et à verser à la Caisse interne de retraite.

**Article 5 :** Le présent arrêté sera publié au _Bulletin officiel._

__

_Rabat, le 5 rabii I 1418 (11 juillet 1997).  
_**Mohammed Kabbaj.**

__________

Le texte en langue arabe a été publié dans l'édition générale du “ Bulletin
officiel 4501 du 15 rabii I 1418 (21 juillet 1997).

****

 ### Source: URL: https://juridiahackhaton.blob.core.windows.net/fine-tuning/documents/391.html type: Arrêté date_publication: 1997-07-11 title: Arrêté du ministre des finances et des investissements extérieurs n° 593-97 du 5 rabii I 1418 (11 juillet 1997) excluant du champ d'application du régime collectif d'allocation de retraite, le personnel titulaire et stagiaire de l'Office d'exploitation des ports."
Quel est le statut du personnel non titulaire transféré de la Régie d'aconage du port de Casablanca (RAPC) selon cet arrêté ?,"Le personnel non titulaire transféré de la Régie d'aconage du port de Casablanca (RAPC) continue d'être affilié à la Caisse nationale de sécurité sociale, conformément aux dispositions de l'arrêté du ministre des finances n° 125-81 du 13 rabii II 1401 (19 février 1981).  Cet arrêté les exclut du régime collectif d'allocation de retraite.
","### Context: ---  
**Bulletin Officiel n° 4526 du 13 joumada II 1418 (16 octobre 1997)**  
**EDITION DE TRADUCTION OFFICIELLE**  
****  
**Arrêté du ministre des finances et des investissements extérieurs n° 593-97 du 5 rabii I 1418 (11 juillet 1997) excluant du champ d'application du régime collectif d'allocation de retraite, le personnel titulaire et stagiaire de l'Office d'exploitation des ports.** **** **Le Ministre des Finances et des l'Investissements Extérieurs,** Vu le dahir n° 1-59-074 du 1er chaabane 1378 (10 février 1959) instituant une Caisse de dépôt et de gestion, tel qu'il a été modifié et complété, notamment son article 18 ; Vu le dahir n° 1-59-301 du 24 rabii II 1379 (27 octobre 1959) instituant une Caisse nationale de retraites et d'assurances ; Vu le dahir portant loi n° 1-77-216 du 20 chaoual 1397 (4 octobre 1977) créant un régime collectif d'allocation de retraite, tel qu'il a été modifié et complété, notamment ses articles 1er et 2 ; Vu la loi n° 06-84 portant création de l'Office d'exploitation des ports promulguée par le dahir n° 1-84-194 du 5 rabii II 1405 (28 décembre 1984) ; Après avis de la commission prévue par l'article 2 du dahir portant loi n° 1-77-216 du 20 chaoual 1397 (4 octobre 1977) susvisé, réunie le 24 février 1988, **Arrête :** **Article Premier :** Est exclu du champ d'application du régime collectif d'allocation de retraite, le personnel titulaire et stagiaire de l'Office d'exploitation des ports. **Article 2 :** Le personnel non titulaire transféré de la Régie d'aconage du port de Casablanca (RAPC) continue d'être affilié à la Caisse nationale de sécurité sociale, conformément aux dispositions de l'arrêté du ministre des finances n° 125-81 du 13 rabii II 1401 (19 février 1981) qui l'a exclu du champ d'application du régime collectif d'allocation de retraite. **Article 3 :** Le personnel non titulaire de la direction des ports qui a été intégré à l'ODEP continue d'être affilié au régime collectif d'allocation de retraite. **Article 4 :** L'Office d'exploitation des ports est tenu de constituer la provision technique arrêtée au 31 décembre 1995 à 300 millions de dirhams selon l'échéancier approuvé par le ministère des finances et le conseil d'administration de cet office. |  **** |  **Montant à mobiliser** |  **Montant à verser à la caisse interne de retraite**  
---|---|---  
1996 |  135 |   
1997 |  40 |  175  
1998 |  48,50 |  48,50  
1999 |  50 |  50  
2000 |  55 |  55  
Total |  328,50  |  328,50  
  
Cette réserve sera augmentée des intérêts calculés au taux de 9,5% sur les
montants restants à mobiliser et à verser à la Caisse interne de retraite.

**Article 5 :** Le présent arrêté sera publié au _Bulletin officiel._

__

_Rabat, le 5 rabii I 1418 (11 juillet 1997).  
_**Mohammed Kabbaj.**

__________

Le texte en langue arabe a été publié dans l'édition générale du “ Bulletin
officiel 4501 du 15 rabii I 1418 (21 juillet 1997).

****

 ### Source: URL: https://juridiahackhaton.blob.core.windows.net/fine-tuning/documents/391.html type: Arrêté date_publication: 1997-07-11 title: Arrêté du ministre des finances et des investissements extérieurs n° 593-97 du 5 rabii I 1418 (11 juillet 1997) excluant du champ d'application du régime collectif d'allocation de retraite, le personnel titulaire et stagiaire de l'Office d'exploitation des ports."
"Quelles sont les obligations financières de l'Office d'exploitation des ports, selon l'article 4 de l'arrêté ?","L'article 4 de l'arrêté impose à l'Office d'exploitation des ports (ODEP) de constituer une provision technique de 300 millions de dirhams, arrêtée au 31 décembre 1995.  Cette provision doit être constituée selon un échéancier approuvé conjointement par le ministère des finances et le conseil d'administration de l'ODEP.  De plus, les intérêts calculés au taux de 9,5% sur les montants restants à mobiliser et à verser à la Caisse interne de retraite doivent être ajoutés à cette provision.
","### Context: ---  
**Bulletin Officiel n° 4526 du 13 joumada II 1418 (16 octobre 1997)**  
**EDITION DE TRADUCTION OFFICIELLE**  
****  
**Arrêté du ministre des finances et des investissements extérieurs n° 593-97 du 5 rabii I 1418 (11 juillet 1997) excluant du champ d'application du régime collectif d'allocation de retraite, le personnel titulaire et stagiaire de l'Office d'exploitation des ports.** **** **Le Ministre des Finances et des l'Investissements Extérieurs,** Vu le dahir n° 1-59-074 du 1er chaabane 1378 (10 février 1959) instituant une Caisse de dépôt et de gestion, tel qu'il a été modifié et complété, notamment son article 18 ; Vu le dahir n° 1-59-301 du 24 rabii II 1379 (27 octobre 1959) instituant une Caisse nationale de retraites et d'assurances ; Vu le dahir portant loi n° 1-77-216 du 20 chaoual 1397 (4 octobre 1977) créant un régime collectif d'allocation de retraite, tel qu'il a été modifié et complété, notamment ses articles 1er et 2 ; Vu la loi n° 06-84 portant création de l'Office d'exploitation des ports promulguée par le dahir n° 1-84-194 du 5 rabii II 1405 (28 décembre 1984) ; Après avis de la commission prévue par l'article 2 du dahir portant loi n° 1-77-216 du 20 chaoual 1397 (4 octobre 1977) susvisé, réunie le 24 février 1988, **Arrête :** **Article Premier :** Est exclu du champ d'application du régime collectif d'allocation de retraite, le personnel titulaire et stagiaire de l'Office d'exploitation des ports. **Article 2 :** Le personnel non titulaire transféré de la Régie d'aconage du port de Casablanca (RAPC) continue d'être affilié à la Caisse nationale de sécurité sociale, conformément aux dispositions de l'arrêté du ministre des finances n° 125-81 du 13 rabii II 1401 (19 février 1981) qui l'a exclu du champ d'application du régime collectif d'allocation de retraite. **Article 3 :** Le personnel non titulaire de la direction des ports qui a été intégré à l'ODEP continue d'être affilié au régime collectif d'allocation de retraite. **Article 4 :** L'Office d'exploitation des ports est tenu de constituer la provision technique arrêtée au 31 décembre 1995 à 300 millions de dirhams selon l'échéancier approuvé par le ministère des finances et le conseil d'administration de cet office. |  **** |  **Montant à mobiliser** |  **Montant à verser à la caisse interne de retraite**  
---|---|---  
1996 |  135 |   
1997 |  40 |  175  
1998 |  48,50 |  48,50  
1999 |  50 |  50  
2000 |  55 |  55  
Total |  328,50  |  328,50  
  
Cette réserve sera augmentée des intérêts calculés au taux de 9,5% sur les
montants restants à mobiliser et à verser à la Caisse interne de retraite.

**Article 5 :** Le présent arrêté sera publié au _Bulletin officiel._

__

_Rabat, le 5 rabii I 1418 (11 juillet 1997).  
_**Mohammed Kabbaj.**

__________

Le texte en langue arabe a été publié dans l'édition générale du “ Bulletin
officiel 4501 du 15 rabii I 1418 (21 juillet 1997).

****

 ### Source: URL: https://juridiahackhaton.blob.core.windows.net/fine-tuning/documents/391.html type: Arrêté date_publication: 1997-07-11 title: Arrêté du ministre des finances et des investissements extérieurs n° 593-97 du 5 rabii I 1418 (11 juillet 1997) excluant du champ d'application du régime collectif d'allocation de retraite, le personnel titulaire et stagiaire de l'Office d'exploitation des ports."
Quel est le taux d'intérêt appliqué sur les montants restants à mobiliser et à verser à la Caisse interne de retraite ?,"Le taux d'intérêt appliqué sur les montants restants à mobiliser et à verser à la Caisse interne de retraite est de 9,5%.
","### Context: ---  
**Bulletin Officiel n° 4526 du 13 joumada II 1418 (16 octobre 1997)**  
**EDITION DE TRADUCTION OFFICIELLE**  
****  
**Arrêté du ministre des finances et des investissements extérieurs n° 593-97 du 5 rabii I 1418 (11 juillet 1997) excluant du champ d'application du régime collectif d'allocation de retraite, le personnel titulaire et stagiaire de l'Office d'exploitation des ports.** **** **Le Ministre des Finances et des l'Investissements Extérieurs,** Vu le dahir n° 1-59-074 du 1er chaabane 1378 (10 février 1959) instituant une Caisse de dépôt et de gestion, tel qu'il a été modifié et complété, notamment son article 18 ; Vu le dahir n° 1-59-301 du 24 rabii II 1379 (27 octobre 1959) instituant une Caisse nationale de retraites et d'assurances ; Vu le dahir portant loi n° 1-77-216 du 20 chaoual 1397 (4 octobre 1977) créant un régime collectif d'allocation de retraite, tel qu'il a été modifié et complété, notamment ses articles 1er et 2 ; Vu la loi n° 06-84 portant création de l'Office d'exploitation des ports promulguée par le dahir n° 1-84-194 du 5 rabii II 1405 (28 décembre 1984) ; Après avis de la commission prévue par l'article 2 du dahir portant loi n° 1-77-216 du 20 chaoual 1397 (4 octobre 1977) susvisé, réunie le 24 février 1988, **Arrête :** **Article Premier :** Est exclu du champ d'application du régime collectif d'allocation de retraite, le personnel titulaire et stagiaire de l'Office d'exploitation des ports. **Article 2 :** Le personnel non titulaire transféré de la Régie d'aconage du port de Casablanca (RAPC) continue d'être affilié à la Caisse nationale de sécurité sociale, conformément aux dispositions de l'arrêté du ministre des finances n° 125-81 du 13 rabii II 1401 (19 février 1981) qui l'a exclu du champ d'application du régime collectif d'allocation de retraite. **Article 3 :** Le personnel non titulaire de la direction des ports qui a été intégré à l'ODEP continue d'être affilié au régime collectif d'allocation de retraite. **Article 4 :** L'Office d'exploitation des ports est tenu de constituer la provision technique arrêtée au 31 décembre 1995 à 300 millions de dirhams selon l'échéancier approuvé par le ministère des finances et le conseil d'administration de cet office. |  **** |  **Montant à mobiliser** |  **Montant à verser à la caisse interne de retraite**  
---|---|---  
1996 |  135 |   
1997 |  40 |  175  
1998 |  48,50 |  48,50  
1999 |  50 |  50  
2000 |  55 |  55  
Total |  328,50  |  328,50  
  
Cette réserve sera augmentée des intérêts calculés au taux de 9,5% sur les
montants restants à mobiliser et à verser à la Caisse interne de retraite.

**Article 5 :** Le présent arrêté sera publié au _Bulletin officiel._

__

_Rabat, le 5 rabii I 1418 (11 juillet 1997).  
_**Mohammed Kabbaj.**

__________

Le texte en langue arabe a été publié dans l'édition générale du “ Bulletin
officiel 4501 du 15 rabii I 1418 (21 juillet 1997).

****

 ### Source: URL: https://juridiahackhaton.blob.core.windows.net/fine-tuning/documents/391.html type: Arrêté date_publication: 1997-07-11 title: Arrêté du ministre des finances et des investissements extérieurs n° 593-97 du 5 rabii I 1418 (11 juillet 1997) excluant du champ d'application du régime collectif d'allocation de retraite, le personnel titulaire et stagiaire de l'Office d'exploitation des ports."
Comment le personnel de la direction des ports intégré à l'ODEP est-il concerné par le régime collectif d'allocation de retraite ?,"Le personnel non titulaire de la direction des ports, intégré à l'ODEP, continue d'être affilié au régime collectif d'allocation de retraite, selon l'article 3 de l'arrêté.
","### Context: ---  
**Bulletin Officiel n° 4526 du 13 joumada II 1418 (16 octobre 1997)**  
**EDITION DE TRADUCTION OFFICIELLE**  
****  
**Arrêté du ministre des finances et des investissements extérieurs n° 593-97 du 5 rabii I 1418 (11 juillet 1997) excluant du champ d'application du régime collectif d'allocation de retraite, le personnel titulaire et stagiaire de l'Office d'exploitation des ports.** **** **Le Ministre des Finances et des l'Investissements Extérieurs,** Vu le dahir n° 1-59-074 du 1er chaabane 1378 (10 février 1959) instituant une Caisse de dépôt et de gestion, tel qu'il a été modifié et complété, notamment son article 18 ; Vu le dahir n° 1-59-301 du 24 rabii II 1379 (27 octobre 1959) instituant une Caisse nationale de retraites et d'assurances ; Vu le dahir portant loi n° 1-77-216 du 20 chaoual 1397 (4 octobre 1977) créant un régime collectif d'allocation de retraite, tel qu'il a été modifié et complété, notamment ses articles 1er et 2 ; Vu la loi n° 06-84 portant création de l'Office d'exploitation des ports promulguée par le dahir n° 1-84-194 du 5 rabii II 1405 (28 décembre 1984) ; Après avis de la commission prévue par l'article 2 du dahir portant loi n° 1-77-216 du 20 chaoual 1397 (4 octobre 1977) susvisé, réunie le 24 février 1988, **Arrête :** **Article Premier :** Est exclu du champ d'application du régime collectif d'allocation de retraite, le personnel titulaire et stagiaire de l'Office d'exploitation des ports. **Article 2 :** Le personnel non titulaire transféré de la Régie d'aconage du port de Casablanca (RAPC) continue d'être affilié à la Caisse nationale de sécurité sociale, conformément aux dispositions de l'arrêté du ministre des finances n° 125-81 du 13 rabii II 1401 (19 février 1981) qui l'a exclu du champ d'application du régime collectif d'allocation de retraite. **Article 3 :** Le personnel non titulaire de la direction des ports qui a été intégré à l'ODEP continue d'être affilié au régime collectif d'allocation de retraite. **Article 4 :** L'Office d'exploitation des ports est tenu de constituer la provision technique arrêtée au 31 décembre 1995 à 300 millions de dirhams selon l'échéancier approuvé par le ministère des finances et le conseil d'administration de cet office. |  **** |  **Montant à mobiliser** |  **Montant à verser à la caisse interne de retraite**  
---|---|---  
1996 |  135 |   
1997 |  40 |  175  
1998 |  48,50 |  48,50  
1999 |  50 |  50  
2000 |  55 |  55  
Total |  328,50  |  328,50  
  
Cette réserve sera augmentée des intérêts calculés au taux de 9,5% sur les
montants restants à mobiliser et à verser à la Caisse interne de retraite.

**Article 5 :** Le présent arrêté sera publié au _Bulletin officiel._

__

_Rabat, le 5 rabii I 1418 (11 juillet 1997).  
_**Mohammed Kabbaj.**

__________

Le texte en langue arabe a été publié dans l'édition générale du “ Bulletin
officiel 4501 du 15 rabii I 1418 (21 juillet 1997).

****

 ### Source: URL: https://juridiahackhaton.blob.core.windows.net/fine-tuning/documents/391.html type: Arrêté date_publication: 1997-07-11 title: Arrêté du ministre des finances et des investissements extérieurs n° 593-97 du 5 rabii I 1418 (11 juillet 1997) excluant du champ d'application du régime collectif d'allocation de retraite, le personnel titulaire et stagiaire de l'Office d'exploitation des ports."
"Quel est le montant total à mobiliser pour la provision technique de l'Office d'exploitation des ports, selon le tableau fourni ?","Le montant total à mobiliser pour la provision technique de l'Office d'exploitation des ports est de 328,50 millions de dirhams.
","### Context: ---  
**Bulletin Officiel n° 4526 du 13 joumada II 1418 (16 octobre 1997)**  
**EDITION DE TRADUCTION OFFICIELLE**  
****  
**Arrêté du ministre des finances et des investissements extérieurs n° 593-97 du 5 rabii I 1418 (11 juillet 1997) excluant du champ d'application du régime collectif d'allocation de retraite, le personnel titulaire et stagiaire de l'Office d'exploitation des ports.** **** **Le Ministre des Finances et des l'Investissements Extérieurs,** Vu le dahir n° 1-59-074 du 1er chaabane 1378 (10 février 1959) instituant une Caisse de dépôt et de gestion, tel qu'il a été modifié et complété, notamment son article 18 ; Vu le dahir n° 1-59-301 du 24 rabii II 1379 (27 octobre 1959) instituant une Caisse nationale de retraites et d'assurances ; Vu le dahir portant loi n° 1-77-216 du 20 chaoual 1397 (4 octobre 1977) créant un régime collectif d'allocation de retraite, tel qu'il a été modifié et complété, notamment ses articles 1er et 2 ; Vu la loi n° 06-84 portant création de l'Office d'exploitation des ports promulguée par le dahir n° 1-84-194 du 5 rabii II 1405 (28 décembre 1984) ; Après avis de la commission prévue par l'article 2 du dahir portant loi n° 1-77-216 du 20 chaoual 1397 (4 octobre 1977) susvisé, réunie le 24 février 1988, **Arrête :** **Article Premier :** Est exclu du champ d'application du régime collectif d'allocation de retraite, le personnel titulaire et stagiaire de l'Office d'exploitation des ports. **Article 2 :** Le personnel non titulaire transféré de la Régie d'aconage du port de Casablanca (RAPC) continue d'être affilié à la Caisse nationale de sécurité sociale, conformément aux dispositions de l'arrêté du ministre des finances n° 125-81 du 13 rabii II 1401 (19 février 1981) qui l'a exclu du champ d'application du régime collectif d'allocation de retraite. **Article 3 :** Le personnel non titulaire de la direction des ports qui a été intégré à l'ODEP continue d'être affilié au régime collectif d'allocation de retraite. **Article 4 :** L'Office d'exploitation des ports est tenu de constituer la provision technique arrêtée au 31 décembre 1995 à 300 millions de dirhams selon l'échéancier approuvé par le ministère des finances et le conseil d'administration de cet office. |  **** |  **Montant à mobiliser** |  **Montant à verser à la caisse interne de retraite**  
---|---|---  
1996 |  135 |   
1997 |  40 |  175  
1998 |  48,50 |  48,50  
1999 |  50 |  50  
2000 |  55 |  55  
Total |  328,50  |  328,50  
  
Cette réserve sera augmentée des intérêts calculés au taux de 9,5% sur les
montants restants à mobiliser et à verser à la Caisse interne de retraite.

**Article 5 :** Le présent arrêté sera publié au _Bulletin officiel._

__

_Rabat, le 5 rabii I 1418 (11 juillet 1997).  
_**Mohammed Kabbaj.**

__________

Le texte en langue arabe a été publié dans l'édition générale du “ Bulletin
officiel 4501 du 15 rabii I 1418 (21 juillet 1997).

****

 ### Source: URL: https://juridiahackhaton.blob.core.windows.net/fine-tuning/documents/391.html type: Arrêté date_publication: 1997-07-11 title: Arrêté du ministre des finances et des investissements extérieurs n° 593-97 du 5 rabii I 1418 (11 juillet 1997) excluant du champ d'application du régime collectif d'allocation de retraite, le personnel titulaire et stagiaire de l'Office d'exploitation des ports."
À quelle date précise l'arrêté a-t-il été pris ?,"L'arrêté a été pris le 11 juillet 1997.
","### Context: ---  
**Bulletin Officiel n° 4526 du 13 joumada II 1418 (16 octobre 1997)**  
**EDITION DE TRADUCTION OFFICIELLE**  
****  
**Arrêté du ministre des finances et des investissements extérieurs n° 593-97 du 5 rabii I 1418 (11 juillet 1997) excluant du champ d'application du régime collectif d'allocation de retraite, le personnel titulaire et stagiaire de l'Office d'exploitation des ports.** **** **Le Ministre des Finances et des l'Investissements Extérieurs,** Vu le dahir n° 1-59-074 du 1er chaabane 1378 (10 février 1959) instituant une Caisse de dépôt et de gestion, tel qu'il a été modifié et complété, notamment son article 18 ; Vu le dahir n° 1-59-301 du 24 rabii II 1379 (27 octobre 1959) instituant une Caisse nationale de retraites et d'assurances ; Vu le dahir portant loi n° 1-77-216 du 20 chaoual 1397 (4 octobre 1977) créant un régime collectif d'allocation de retraite, tel qu'il a été modifié et complété, notamment ses articles 1er et 2 ; Vu la loi n° 06-84 portant création de l'Office d'exploitation des ports promulguée par le dahir n° 1-84-194 du 5 rabii II 1405 (28 décembre 1984) ; Après avis de la commission prévue par l'article 2 du dahir portant loi n° 1-77-216 du 20 chaoual 1397 (4 octobre 1977) susvisé, réunie le 24 février 1988, **Arrête :** **Article Premier :** Est exclu du champ d'application du régime collectif d'allocation de retraite, le personnel titulaire et stagiaire de l'Office d'exploitation des ports. **Article 2 :** Le personnel non titulaire transféré de la Régie d'aconage du port de Casablanca (RAPC) continue d'être affilié à la Caisse nationale de sécurité sociale, conformément aux dispositions de l'arrêté du ministre des finances n° 125-81 du 13 rabii II 1401 (19 février 1981) qui l'a exclu du champ d'application du régime collectif d'allocation de retraite. **Article 3 :** Le personnel non titulaire de la direction des ports qui a été intégré à l'ODEP continue d'être affilié au régime collectif d'allocation de retraite. **Article 4 :** L'Office d'exploitation des ports est tenu de constituer la provision technique arrêtée au 31 décembre 1995 à 300 millions de dirhams selon l'échéancier approuvé par le ministère des finances et le conseil d'administration de cet office. |  **** |  **Montant à mobiliser** |  **Montant à verser à la caisse interne de retraite**  
---|---|---  
1996 |  135 |   
1997 |  40 |  175  
1998 |  48,50 |  48,50  
1999 |  50 |  50  
2000 |  55 |  55  
Total |  328,50  |  328,50  
  
Cette réserve sera augmentée des intérêts calculés au taux de 9,5% sur les
montants restants à mobiliser et à verser à la Caisse interne de retraite.

**Article 5 :** Le présent arrêté sera publié au _Bulletin officiel._

__

_Rabat, le 5 rabii I 1418 (11 juillet 1997).  
_**Mohammed Kabbaj.**

__________

Le texte en langue arabe a été publié dans l'édition générale du “ Bulletin
officiel 4501 du 15 rabii I 1418 (21 juillet 1997).

****

 ### Source: URL: https://juridiahackhaton.blob.core.windows.net/fine-tuning/documents/391.html type: Arrêté date_publication: 1997-07-11 title: Arrêté du ministre des finances et des investissements extérieurs n° 593-97 du 5 rabii I 1418 (11 juillet 1997) excluant du champ d'application du régime collectif d'allocation de retraite, le personnel titulaire et stagiaire de l'Office d'exploitation des ports."
Quel est le rôle de la commission mentionnée à l'article 2 de l'arrêté ?,"L'article 2 de l'arrêté mentionne une commission, mais ne précise pas son rôle.  Le texte indique seulement qu'elle a été réunie le 24 février 1988 et qu'elle a donné son avis avant l'arrêté.  Le rôle précis de cette commission n'est pas détaillé dans le document.
","### Context: ---  
**Bulletin Officiel n° 4526 du 13 joumada II 1418 (16 octobre 1997)**  
**EDITION DE TRADUCTION OFFICIELLE**  
****  
**Arrêté du ministre des finances et des investissements extérieurs n° 593-97 du 5 rabii I 1418 (11 juillet 1997) excluant du champ d'application du régime collectif d'allocation de retraite, le personnel titulaire et stagiaire de l'Office d'exploitation des ports.** **** **Le Ministre des Finances et des l'Investissements Extérieurs,** Vu le dahir n° 1-59-074 du 1er chaabane 1378 (10 février 1959) instituant une Caisse de dépôt et de gestion, tel qu'il a été modifié et complété, notamment son article 18 ; Vu le dahir n° 1-59-301 du 24 rabii II 1379 (27 octobre 1959) instituant une Caisse nationale de retraites et d'assurances ; Vu le dahir portant loi n° 1-77-216 du 20 chaoual 1397 (4 octobre 1977) créant un régime collectif d'allocation de retraite, tel qu'il a été modifié et complété, notamment ses articles 1er et 2 ; Vu la loi n° 06-84 portant création de l'Office d'exploitation des ports promulguée par le dahir n° 1-84-194 du 5 rabii II 1405 (28 décembre 1984) ; Après avis de la commission prévue par l'article 2 du dahir portant loi n° 1-77-216 du 20 chaoual 1397 (4 octobre 1977) susvisé, réunie le 24 février 1988, **Arrête :** **Article Premier :** Est exclu du champ d'application du régime collectif d'allocation de retraite, le personnel titulaire et stagiaire de l'Office d'exploitation des ports. **Article 2 :** Le personnel non titulaire transféré de la Régie d'aconage du port de Casablanca (RAPC) continue d'être affilié à la Caisse nationale de sécurité sociale, conformément aux dispositions de l'arrêté du ministre des finances n° 125-81 du 13 rabii II 1401 (19 février 1981) qui l'a exclu du champ d'application du régime collectif d'allocation de retraite. **Article 3 :** Le personnel non titulaire de la direction des ports qui a été intégré à l'ODEP continue d'être affilié au régime collectif d'allocation de retraite. **Article 4 :** L'Office d'exploitation des ports est tenu de constituer la provision technique arrêtée au 31 décembre 1995 à 300 millions de dirhams selon l'échéancier approuvé par le ministère des finances et le conseil d'administration de cet office. |  **** |  **Montant à mobiliser** |  **Montant à verser à la caisse interne de retraite**  
---|---|---  
1996 |  135 |   
1997 |  40 |  175  
1998 |  48,50 |  48,50  
1999 |  50 |  50  
2000 |  55 |  55  
Total |  328,50  |  328,50  
  
Cette réserve sera augmentée des intérêts calculés au taux de 9,5% sur les
montants restants à mobiliser et à verser à la Caisse interne de retraite.

**Article 5 :** Le présent arrêté sera publié au _Bulletin officiel._

__

_Rabat, le 5 rabii I 1418 (11 juillet 1997).  
_**Mohammed Kabbaj.**

__________

Le texte en langue arabe a été publié dans l'édition générale du “ Bulletin
officiel 4501 du 15 rabii I 1418 (21 juillet 1997).

****

 ### Source: URL: https://juridiahackhaton.blob.core.windows.net/fine-tuning/documents/391.html type: Arrêté date_publication: 1997-07-11 title: Arrêté du ministre des finances et des investissements extérieurs n° 593-97 du 5 rabii I 1418 (11 juillet 1997) excluant du champ d'application du régime collectif d'allocation de retraite, le personnel titulaire et stagiaire de l'Office d'exploitation des ports."
